"","split","estimate","se","tval","df","pval","ci.lb","ci.ub","nRec","nStud","signif","color","substitution"
"1","Ecosystem approach",-0.620984427296305,0.166659694506328,-3.72606243600624,604,0.000212743411280779,-0.948287290391738,-0.293681564200872,126,22,",***","black",-0.620984427296305
"2","Technology approach",0.620412678827539,0.152824874459872,4.05963152935841,604,5.56166698739273e-05,0.320280009611486,0.920545348043592,209,38,",***","black",0.620412678827539
"3","Whole sector approach",-0.238439450342236,0.164695918790928,-1.44775567052709,604,0.148204239987265,-0.561885655617481,0.08500675493301,272,22,"","grey",-0.238439450342236
