"","split","estimate","se","tval","df","pval","ci.lb","ci.ub","nRec","nStud","signif","color","substitution"
"1","Ecosystem approach",-0.62098442731577,0.166659694351156,-3.72606243959227,604,0.000212743408324167,-0.94828729010646,-0.293681564525081,126,22,",***","black",-0.62098442731577
"2","Technology approach",0.620412678780045,0.152824874308391,4.05963153307157,604,5.56166690131447e-05,0.320280009861485,0.920545347698604,209,38,",***","black",0.620412678780045
"3","Whole sector approach",-0.238439450248111,0.164695918634041,-1.4477556713347,604,0.148204239761397,-0.561885655215247,0.0850067547190245,272,22,"","grey",-0.238439450248111
