"","split","estimate","se","tval","df","pval","ci.lb","ci.ub","nRec","nStud","signif","color","substitution"
"1","Ecosystem approach",-0.601781812573268,0.296744515518169,-2.02794586286607,727,0.0429299668910488,-1.18436026829676,-0.0192033568497754,181,30,",*","black",-0.601781812573268
"2","Technology approach",0.60656393947921,0.31725095825279,1.91193729664291,727,0.0562770375201797,-0.0162734296056862,1.22940130856411,212,38,",.","black",0.60656393947921
"3","Whole sector approach",-0.360778444371936,0.290107716625367,-1.24360168205325,727,0.214047054478594,-0.930327321290361,0.208770432546489,337,30,"","grey",-0.360778444371936
