"","split","estimate","se","tval","df","pval","ci.lb","ci.ub","nRec","nStud","signif","color","substitution"
"1","Ecosystem approach",-0.383106776999542,0.146432000553894,-2.61627769579328,719,0.00907605038055164,-0.670592163043414,-0.0956213909556713,167,28,",**","black",-0.383106776999542
"2","Technology approach",0.54626071455897,0.151961925856451,3.59472092420694,719,0.000346919128341791,0.247918598398827,0.844602830719113,216,37,",***","black",0.54626071455897
"3","Whole sector approach",-0.0503953127258276,0.139656246638757,-0.360852550020072,719,0.718315670705639,-0.324578072139841,0.223787446688186,339,30,"","grey",-0.0503953127258276
